[{"model": "finances.payment", "pk": 1, "fields": {"amount": "0.66", "cheques": [], "cashs": [], "lydias": [], "debit_balance": [1]}}, {"model": "finances.payment", "pk": 2, "fields": {"amount": "1.20", "cheques": [], "cashs": [], "lydias": [], "debit_balance": [2]}}, {"model": "finances.payment", "pk": 3, "fields": {"amount": "1.20", "cheques": [], "cashs": [], "lydias": [], "debit_balance": [3]}}, {"model": "finances.payment", "pk": 4, "fields": {"amount": "0.66", "cheques": [], "cashs": [], "lydias": [], "debit_balance": [4]}}, {"model": "finances.payment", "pk": 5, "fields": {"amount": "30.00", "cheques": [1], "cashs": [], "lydias": [], "debit_balance": []}}, {"model": "finances.payment", "pk": 6, "fields": {"amount": "1.28", "cheques": [], "cashs": [], "lydias": [], "debit_balance": [5]}}, {"model": "finances.payment", "pk": 7, "fields": {"amount": "0.63", "cheques": [], "cashs": [], "lydias": [], "debit_balance": [6]}}, {"model": "finances.payment", "pk": 8, "fields": {"amount": "3.20", "cheques": [], "cashs": [], "lydias": [], "debit_balance": [7]}}, {"model": "finances.payment", "pk": 9, "fields": {"amount": "30.00", "cheques": [2], "cashs": [], "lydias": [], "debit_balance": []}}, {"model": "finances.payment", "pk": 10, "fields": {"amount": "0.79", "cheques": [], "cashs": [], "lydias": [], "debit_balance": [8]}}, {"model": "finances.payment", "pk": 11, "fields": {"amount": "0.79", "cheques": [], "cashs": [], "lydias": [], "debit_balance": [9]}}, {"model": "finances.payment", "pk": 12, "fields": {"amount": "0.00", "cheques": [], "cashs": [], "lydias": [], "debit_balance": [10]}}, {"model": "finances.payment", "pk": 13, "fields": {"amount": "0.90", "cheques": [], "cashs": [], "lydias": [], "debit_balance": [11]}}, {"model": "finances.payment", "pk": 14, "fields": {"amount": "0.00", "cheques": [], "cashs": [], "lydias": [], "debit_balance": [12]}}, {"model": "finances.payment", "pk": 15, "fields": {"amount": "0.79", "cheques": [], "cashs": [], "lydias": [], "debit_balance": [13]}}, {"model": "finances.payment", "pk": 16, "fields": {"amount": "0.00", "cheques": [], "cashs": [], "lydias": [], "debit_balance": [14]}}, {"model": "finances.payment", "pk": 17, "fields": {"amount": "0.79", "cheques": [], "cashs": [], "lydias": [], "debit_balance": [15]}}, {"model": "finances.payment", "pk": 18, "fields": {"amount": "1.20", "cheques": [], "cashs": [], "lydias": [], "debit_balance": [16]}}, {"model": "finances.payment", "pk": 19, "fields": {"amount": "0.00", "cheques": [], "cashs": [], "lydias": [], "debit_balance": [17]}}, {"model": "finances.payment", "pk": 20, "fields": {"amount": "1.58", "cheques": [], "cashs": [], "lydias": [], "debit_balance": [18]}}, {"model": "finances.payment", "pk": 21, "fields": {"amount": "0.79", "cheques": [], "cashs": [], "lydias": [], "debit_balance": [19]}}, {"model": "finances.payment", "pk": 22, "fields": {"amount": "0.50", "cheques": [], "cashs": [], "lydias": [], "debit_balance": [20]}}, {"model": "finances.payment", "pk": 23, "fields": {"amount": "0.79", "cheques": [], "cashs": [], "lydias": [], "debit_balance": [21]}}, {"model": "finances.payment", "pk": 24, "fields": {"amount": "0.76", "cheques": [], "cashs": [], "lydias": [], "debit_balance": [22]}}, {"model": "finances.payment", "pk": 25, "fields": {"amount": "1.58", "cheques": [], "cashs": [], "lydias": [], "debit_balance": [23]}}, {"model": "finances.payment", "pk": 26, "fields": {"amount": "0.79", "cheques": [], "cashs": [], "lydias": [], "debit_balance": [24]}}, {"model": "finances.payment", "pk": 27, "fields": {"amount": "0.00", "cheques": [], "cashs": [], "lydias": [], "debit_balance": [25]}}, {"model": "finances.payment", "pk": 28, "fields": {"amount": "0.00", "cheques": [], "cashs": [], "lydias": [], "debit_balance": [26]}}, {"model": "finances.payment", "pk": 29, "fields": {"amount": "0.50", "cheques": [], "cashs": [], "lydias": [], "debit_balance": [27]}}, {"model": "finances.payment", "pk": 30, "fields": {"amount": "1.20", "cheques": [], "cashs": [], "lydias": [], "debit_balance": [28]}}, {"model": "finances.payment", "pk": 31, "fields": {"amount": "0.00", "cheques": [], "cashs": [], "lydias": [], "debit_balance": [29]}}, {"model": "finances.payment", "pk": 32, "fields": {"amount": "0.00", "cheques": [], "cashs": [], "lydias": [], "debit_balance": [30]}}, {"model": "finances.payment", "pk": 33, "fields": {"amount": "0.00", "cheques": [], "cashs": [], "lydias": [], "debit_balance": [31]}}, {"model": "finances.payment", "pk": 34, "fields": {"amount": "0.00", "cheques": [], "cashs": [], "lydias": [], "debit_balance": [32]}}, {"model": "finances.payment", "pk": 35, "fields": {"amount": "0.00", "cheques": [], "cashs": [], "lydias": [], "debit_balance": [33]}}, {"model": "finances.payment", "pk": 36, "fields": {"amount": "0.00", "cheques": [], "cashs": [], "lydias": [], "debit_balance": [34]}}, {"model": "finances.payment", "pk": 37, "fields": {"amount": "0.00", "cheques": [], "cashs": [], "lydias": [], "debit_balance": [35]}}, {"model": "finances.payment", "pk": 38, "fields": {"amount": "0.76", "cheques": [], "cashs": [], "lydias": [], "debit_balance": [36]}}, {"model": "finances.payment", "pk": 39, "fields": {"amount": "1.58", "cheques": [], "cashs": [], "lydias": [], "debit_balance": [37]}}, {"model": "finances.payment", "pk": 40, "fields": {"amount": "1.47", "cheques": [], "cashs": [], "lydias": [], "debit_balance": [38]}}, {"model": "finances.payment", "pk": 41, "fields": {"amount": "0.79", "cheques": [], "cashs": [], "lydias": [], "debit_balance": [39]}}, {"model": "finances.payment", "pk": 42, "fields": {"amount": "0.76", "cheques": [], "cashs": [], "lydias": [], "debit_balance": [40]}}, {"model": "finances.payment", "pk": 43, "fields": {"amount": "0.76", "cheques": [], "cashs": [], "lydias": [], "debit_balance": [41]}}, {"model": "finances.payment", "pk": 44, "fields": {"amount": "0.79", "cheques": [], "cashs": [], "lydias": [], "debit_balance": [42]}}, {"model": "finances.payment", "pk": 45, "fields": {"amount": "30.00", "cheques": [], "cashs": [1], "lydias": [], "debit_balance": []}}, {"model": "finances.payment", "pk": 46, "fields": {"amount": "30.00", "cheques": [], "cashs": [2], "lydias": [], "debit_balance": []}}, {"model": "shops.shop", "pk": 1, "fields": {"name": "Foyer", "description": "Foyer des \u00e9l\u00e8ves de l'AE ENSAM"}}, {"model": "shops.shop", "pk": 2, "fields": {"name": "Auberge", "description": "Auberge des \u00e9l\u00e8ves de l'AE ENSAM"}}, {"model": "shops.productbase", "pk": 1, "fields": {"name": "Fut de Kronembourg", "description": "Fut de Kronembourg", "calculated_price": "125.16", "brand": "Kronembourg", "type": "container", "quantity": "5000.00", "shop": 1, "product_unit": 1}}, {"model": "shops.productbase", "pk": 2, "fields": {"name": "Fut de 1664 Blanche", "description": "Fut de 1664 Blanche", "calculated_price": "78.68", "brand": "1664", "type": "container", "quantity": "3000.00", "shop": 1, "product_unit": 2}}, {"model": "shops.productbase", "pk": 3, "fields": {"name": "Fut de Grimbergen r\u00e9serve", "description": "Fut de Grimbergen r\u00e9serve", "calculated_price": "88.07", "brand": "Grimbergen", "type": "container", "quantity": "3000.00", "shop": 1, "product_unit": 3}}, {"model": "shops.productbase", "pk": 4, "fields": {"name": "Fut d'Apple Frost", "description": "Fut d'Apple Frost", "calculated_price": "60.01", "brand": "Apple Frost", "type": "container", "quantity": "2000.00", "shop": 1, "product_unit": 4}}, {"model": "shops.productbase", "pk": 5, "fields": {"name": "Fut d'El Grande", "description": "Fut d'El Grande", "calculated_price": "50.10", "brand": "El Grande", "type": "container", "quantity": "2000.00", "shop": 1, "product_unit": 5}}, {"model": "shops.productbase", "pk": 6, "fields": {"name": "Fut de Grimbergen de No\u00ebl", "description": "Fut de Grimbergen de No\u00ebl", "calculated_price": "90.00", "brand": "Grimbergen", "type": "container", "quantity": "3000.00", "shop": 1, "product_unit": 6}}, {"model": "shops.productbase", "pk": 7, "fields": {"name": "Bouteille de soda", "description": "Bouteille de soda", "calculated_price": "1.50", "brand": "Metro", "type": "container", "quantity": "75.00", "shop": 1, "product_unit": 7}}, {"model": "shops.productbase", "pk": 8, "fields": {"name": "Bouteille de boisson \u00e9nergissante", "description": "Bouteille de boisson \u00e9nergissante", "calculated_price": "1.49", "brand": "Metro", "type": "container", "quantity": "75.00", "shop": 1, "product_unit": 8}}, {"model": "shops.productbase", "pk": 9, "fields": {"name": "Bouteille de Jus de fruit", "description": "Bouteille de Jus de fruit", "calculated_price": "0.70", "brand": "Metro", "type": "container", "quantity": "75.00", "shop": 1, "product_unit": 9}}, {"model": "shops.productbase", "pk": 10, "fields": {"name": "Bouteille de sirop", "description": "Bouteille de sirop", "calculated_price": "3.00", "brand": "Metro", "type": "container", "quantity": "75.00", "shop": 1, "product_unit": 10}}, {"model": "shops.productbase", "pk": 11, "fields": {"name": "Bouteille de Picon", "description": "Bouteille de Picon", "calculated_price": "10.00", "brand": "Picon", "type": "container", "quantity": "75.00", "shop": 1, "product_unit": 11}}, {"model": "shops.productbase", "pk": 12, "fields": {"name": "Bouteille de vodka", "description": "Bouteille de vodka", "calculated_price": "10.60", "brand": "Vodka", "type": "container", "quantity": "75.00", "shop": 1, "product_unit": 12}}, {"model": "shops.productbase", "pk": 13, "fields": {"name": "Bouteille de rhum", "description": "Bouteille de rhum", "calculated_price": "12.60", "brand": "Rhum", "type": "container", "quantity": "75.00", "shop": 1, "product_unit": 13}}, {"model": "shops.productbase", "pk": 14, "fields": {"name": "Bouteille de whisky", "description": "Bouteille de whisky", "calculated_price": "12.25", "brand": "Whisky", "type": "container", "quantity": "75.00", "shop": 1, "product_unit": 14}}, {"model": "shops.productbase", "pk": 15, "fields": {"name": "Bouteille de Ja\u00ebgermeister", "description": "Bouteille de Ja\u00ebgermeister", "calculated_price": "9.70", "brand": "Ja\u00ebgermeister", "type": "container", "quantity": "75.00", "shop": 1, "product_unit": 15}}, {"model": "shops.productbase", "pk": 16, "fields": {"name": "Bouteille de Pastis", "description": "Bouteille de Pastis", "calculated_price": "20.15", "brand": "Pastis", "type": "container", "quantity": "75.00", "shop": 1, "product_unit": 16}}, {"model": "shops.productbase", "pk": 17, "fields": {"name": "Skoll 33 cl", "description": "Bouteille de Skoll 33 cl", "calculated_price": "1.20", "brand": "Skoll", "type": "single_product", "quantity": "0.00", "shop": 1, "product_unit": null}}, {"model": "shops.productbase", "pk": 18, "fields": {"name": "Argent fictif", "description": "Argent fictif utilis\u00e9 pour les comptes de foyer", "calculated_price": "0.00", "brand": "AE ENSAM", "type": "container", "quantity": "0.00", "shop": 1, "product_unit": 17}}, {"model": "shops.productbase", "pk": 19, "fields": {"name": "Morceaux de Jambon F\u00f4ret Noire", "description": "Morceaux de Jambon F\u00f4ret Noire", "calculated_price": "11.90", "brand": "Metro", "type": "container", "quantity": "1000.00", "shop": 2, "product_unit": 18}}, {"model": "shops.productbase", "pk": 20, "fields": {"name": "Morceaux de Coppa", "description": "Morceaux de Coppa", "calculated_price": "14.29", "brand": "Metro", "type": "container", "quantity": "1000.00", "shop": 2, "product_unit": 19}}, {"model": "shops.productbase", "pk": 21, "fields": {"name": "Morceaux de Rosette Poivre", "description": "Morceaux de Rosette Poivre ", "calculated_price": "9.79", "brand": "Metro", "type": "container", "quantity": "1000.00", "shop": 2, "product_unit": 20}}, {"model": "shops.productbase", "pk": 22, "fields": {"name": "Morceaux de Roti de Porc", "description": "Morceaux de Roti de Porc", "calculated_price": "7.59", "brand": "Metro", "type": "container", "quantity": "1000.00", "shop": 2, "product_unit": 21}}, {"model": "shops.productbase", "pk": 23, "fields": {"name": "Morceaux de Chorizo", "description": "Morceaux de Chorizo", "calculated_price": "6.79", "brand": "Metro", "type": "container", "quantity": "1000.00", "shop": 2, "product_unit": 22}}, {"model": "shops.productbase", "pk": 24, "fields": {"name": "Morceaux de Saucisson Marin", "description": "Morceaux de Saucisson Marin", "calculated_price": "19.95", "brand": "Metro", "type": "container", "quantity": "1000.00", "shop": 2, "product_unit": 23}}, {"model": "shops.productbase", "pk": 25, "fields": {"name": "Morceaux de Rosette", "description": "Morceaux de Rosette", "calculated_price": "7.29", "brand": "Metro", "type": "container", "quantity": "1000.00", "shop": 2, "product_unit": 24}}, {"model": "shops.productbase", "pk": 26, "fields": {"name": "Morceaux de Mozzarella", "description": "Morceaux de Mozzarella", "calculated_price": "7.29", "brand": "Metro", "type": "container", "quantity": "1000.00", "shop": 2, "product_unit": 25}}, {"model": "shops.productbase", "pk": 27, "fields": {"name": "Morceaux de Munster", "description": "Morceaux de Munster", "calculated_price": "11.50", "brand": "Metro", "type": "container", "quantity": "1000.00", "shop": 2, "product_unit": 26}}, {"model": "shops.productbase", "pk": 28, "fields": {"name": "Morceaux de Comte", "description": "Morceaux de Comte", "calculated_price": "10.66", "brand": "Metro", "type": "container", "quantity": "1000.00", "shop": 2, "product_unit": 27}}, {"model": "shops.productbase", "pk": 29, "fields": {"name": "Morceau de St Nectaire", "description": "Morceau de St Nectaire", "calculated_price": "7.73", "brand": "Metro", "type": "container", "quantity": "1000.00", "shop": 2, "product_unit": 28}}, {"model": "shops.productbase", "pk": 30, "fields": {"name": "Morceau de Tomme de Savoie", "description": "Morceau de Tomme de Savoie", "calculated_price": "8.95", "brand": "Metro", "type": "container", "quantity": "1000.00", "shop": 2, "product_unit": 29}}, {"model": "shops.productbase", "pk": 31, "fields": {"name": "Morceau de Roblochon", "description": "Morceau de Roblochon", "calculated_price": "12.63", "brand": "Metro", "type": "container", "quantity": "1000.00", "shop": 2, "product_unit": 30}}, {"model": "shops.productbase", "pk": 32, "fields": {"name": "Morceau de Feta", "description": "Morceau de Feta", "calculated_price": "11.21", "brand": "Metro", "type": "container", "quantity": "1000.00", "shop": 2, "product_unit": 31}}, {"model": "shops.productbase", "pk": 33, "fields": {"name": "Morceau de Raclette", "description": "Morceau de Raclette", "calculated_price": "7.69", "brand": "Metro", "type": "container", "quantity": "1000.00", "shop": 2, "product_unit": 32}}, {"model": "shops.productbase", "pk": 34, "fields": {"name": "Morceau de Roquefort", "description": "Morceau de Roquefort", "calculated_price": "16.34", "brand": "Metro", "type": "container", "quantity": "1000.00", "shop": 2, "product_unit": 33}}, {"model": "shops.productbase", "pk": 35, "fields": {"name": "Morceau de Morbier", "description": "Morceau de Morbier", "calculated_price": "9.17", "brand": "Metro", "type": "container", "quantity": "1000.00", "shop": 2, "product_unit": 34}}, {"model": "shops.productbase", "pk": 36, "fields": {"name": "Morceau de Brie", "description": "Morceau de Brie", "calculated_price": "6.36", "brand": "Metro", "type": "container", "quantity": "1000.00", "shop": 2, "product_unit": 35}}, {"model": "shops.productbase", "pk": 37, "fields": {"name": "Morceau de Mozzarella fum\u00e9e", "description": "Morceau de Mozzarella fum\u00e9e", "calculated_price": "9.49", "brand": "Metro", "type": "container", "quantity": "1000.00", "shop": 2, "product_unit": 36}}, {"model": "shops.productbase", "pk": 38, "fields": {"name": "Morceau de Ch\u00e8vre", "description": "Morceau de Ch\u00e8vre", "calculated_price": "7.63", "brand": "Metro", "type": "container", "quantity": "1000.00", "shop": 2, "product_unit": 37}}, {"model": "shops.productbase", "pk": 39, "fields": {"name": "Paquet de Tomates", "description": "Paquet de Tomates", "calculated_price": "9.48", "brand": "Metro", "type": "container", "quantity": "1000.00", "shop": 2, "product_unit": 38}}, {"model": "shops.productbase", "pk": 40, "fields": {"name": "Paquet de Poivron", "description": "Paquet de Poivron", "calculated_price": "9.80", "brand": "Metro", "type": "container", "quantity": "1000.00", "shop": 2, "product_unit": 39}}, {"model": "shops.singleproduct", "pk": 1, "fields": {"price": "1.50", "sale_price": null, "purchase_date": "2016-03-13", "expiry_date": null, "place": "stock foyer", "is_sold": false, "product_base": 17, "sale": null}}, {"model": "shops.singleproduct", "pk": 2, "fields": {"price": "1.50", "sale_price": null, "purchase_date": "2016-02-21", "expiry_date": null, "place": "stock foyer", "is_sold": false, "product_base": 17, "sale": null}}, {"model": "shops.singleproduct", "pk": 3, "fields": {"price": "1.50", "sale_price": null, "purchase_date": "2016-02-21", "expiry_date": null, "place": "stock foyer", "is_sold": false, "product_base": 17, "sale": null}}, {"model": "shops.singleproduct", "pk": 4, "fields": {"price": "1.50", "sale_price": null, "purchase_date": "2016-02-21", "expiry_date": null, "place": "stock foyer", "is_sold": false, "product_base": 17, "sale": null}}, {"model": "shops.singleproduct", "pk": 5, "fields": {"price": "1.50", "sale_price": null, "purchase_date": "2016-02-21", "expiry_date": null, "place": "stock foyer", "is_sold": false, "product_base": 17, "sale": null}}, {"model": "shops.singleproduct", "pk": 6, "fields": {"price": "1.50", "sale_price": null, "purchase_date": "2016-02-21", "expiry_date": null, "place": "stock foyer", "is_sold": false, "product_base": 17, "sale": null}}, {"model": "shops.singleproduct", "pk": 7, "fields": {"price": "1.50", "sale_price": null, "purchase_date": "2016-02-21", "expiry_date": null, "place": "stock foyer", "is_sold": false, "product_base": 17, "sale": null}}, {"model": "shops.singleproduct", "pk": 8, "fields": {"price": "1.50", "sale_price": null, "purchase_date": "2016-02-21", "expiry_date": null, "place": "stock foyer", "is_sold": false, "product_base": 17, "sale": null}}, {"model": "shops.singleproduct", "pk": 9, "fields": {"price": "1.50", "sale_price": null, "purchase_date": "2016-02-21", "expiry_date": null, "place": "stock foyer", "is_sold": false, "product_base": 17, "sale": null}}, {"model": "shops.singleproduct", "pk": 10, "fields": {"price": "1.50", "sale_price": null, "purchase_date": "2016-02-21", "expiry_date": null, "place": "stock foyer", "is_sold": false, "product_base": 17, "sale": null}}, {"model": "shops.singleproduct", "pk": 11, "fields": {"price": "1.50", "sale_price": null, "purchase_date": "2016-02-21", "expiry_date": null, "place": "stock foyer", "is_sold": false, "product_base": 17, "sale": null}}, {"model": "shops.singleproduct", "pk": 12, "fields": {"price": "1.50", "sale_price": null, "purchase_date": "2016-02-21", "expiry_date": null, "place": "stock foyer", "is_sold": false, "product_base": 17, "sale": null}}, {"model": "shops.singleproduct", "pk": 13, "fields": {"price": "1.50", "sale_price": null, "purchase_date": "2016-02-21", "expiry_date": null, "place": "stock foyer", "is_sold": false, "product_base": 17, "sale": null}}, {"model": "shops.singleproduct", "pk": 14, "fields": {"price": "1.50", "sale_price": null, "purchase_date": "2016-02-21", "expiry_date": null, "place": "stock foyer", "is_sold": false, "product_base": 17, "sale": null}}, {"model": "shops.singleproduct", "pk": 15, "fields": {"price": "1.50", "sale_price": null, "purchase_date": "2016-02-21", "expiry_date": null, "place": "stock foyer", "is_sold": false, "product_base": 17, "sale": null}}, {"model": "shops.singleproduct", "pk": 16, "fields": {"price": "1.50", "sale_price": null, "purchase_date": "2016-02-21", "expiry_date": null, "place": "stock foyer", "is_sold": false, "product_base": 17, "sale": null}}, {"model": "shops.singleproduct", "pk": 17, "fields": {"price": "1.50", "sale_price": null, "purchase_date": "2016-02-21", "expiry_date": null, "place": "stock foyer", "is_sold": false, "product_base": 17, "sale": null}}, {"model": "shops.singleproduct", "pk": 18, "fields": {"price": "1.50", "sale_price": null, "purchase_date": "2016-02-21", "expiry_date": null, "place": "stock foyer", "is_sold": false, "product_base": 17, "sale": null}}, {"model": "shops.singleproduct", "pk": 19, "fields": {"price": "1.50", "sale_price": null, "purchase_date": "2016-02-21", "expiry_date": null, "place": "stock foyer", "is_sold": false, "product_base": 17, "sale": null}}, {"model": "shops.singleproduct", "pk": 20, "fields": {"price": "1.50", "sale_price": null, "purchase_date": "2016-02-21", "expiry_date": null, "place": "stock foyer", "is_sold": false, "product_base": 17, "sale": null}}, {"model": "shops.singleproduct", "pk": 21, "fields": {"price": "1.50", "sale_price": null, "purchase_date": "2016-02-21", "expiry_date": null, "place": "stock foyer", "is_sold": false, "product_base": 17, "sale": null}}, {"model": "shops.container", "pk": 1, "fields": {"price": "125.00", "purchase_date": "2016-02-15", "expiry_date": null, "place": "tireuse 2", "quantity_remaining": "5000.00", "is_sold": false, "product_base": 1}}, {"model": "shops.container", "pk": 2, "fields": {"price": "78.00", "purchase_date": "2016-02-15", "expiry_date": null, "place": "stock foyer", "quantity_remaining": "3000.00", "is_sold": false, "product_base": 2}}, {"model": "shops.container", "pk": 3, "fields": {"price": "90.00", "purchase_date": "2016-02-15", "expiry_date": null, "place": "stock foyer", "quantity_remaining": "3000.00", "is_sold": false, "product_base": 3}}, {"model": "shops.container", "pk": 4, "fields": {"price": "60.00", "purchase_date": "2016-02-15", "expiry_date": null, "place": "tireuse 1", "quantity_remaining": "2000.00", "is_sold": false, "product_base": 4}}, {"model": "shops.container", "pk": 5, "fields": {"price": "50.00", "purchase_date": "2016-02-15", "expiry_date": null, "place": "stock foyer", "quantity_remaining": "2000.00", "is_sold": false, "product_base": 5}}, {"model": "shops.container", "pk": 6, "fields": {"price": "90.00", "purchase_date": "2016-02-15", "expiry_date": null, "place": "tireuse 3", "quantity_remaining": "3000.00", "is_sold": false, "product_base": 6}}, {"model": "shops.container", "pk": 7, "fields": {"price": "1.50", "purchase_date": "2016-02-15", "expiry_date": null, "place": "stock foyer", "quantity_remaining": "75.00", "is_sold": false, "product_base": 7}}, {"model": "shops.container", "pk": 8, "fields": {"price": "1.50", "purchase_date": "2016-02-15", "expiry_date": null, "place": "stock foyer", "quantity_remaining": "75.00", "is_sold": false, "product_base": 8}}, {"model": "shops.container", "pk": 9, "fields": {"price": "0.80", "purchase_date": "2016-02-15", "expiry_date": null, "place": "stock foyer", "quantity_remaining": "75.00", "is_sold": false, "product_base": 9}}, {"model": "shops.container", "pk": 10, "fields": {"price": "3.00", "purchase_date": "2016-02-15", "expiry_date": null, "place": "stock foyer", "quantity_remaining": "75.00", "is_sold": false, "product_base": 10}}, {"model": "shops.container", "pk": 11, "fields": {"price": "10.00", "purchase_date": "2016-02-15", "expiry_date": null, "place": "stock foyer", "quantity_remaining": "75.00", "is_sold": false, "product_base": 11}}, {"model": "shops.container", "pk": 12, "fields": {"price": "10.00", "purchase_date": "2016-02-15", "expiry_date": null, "place": "stock foyer", "quantity_remaining": "75.00", "is_sold": false, "product_base": 12}}, {"model": "shops.container", "pk": 13, "fields": {"price": "10.00", "purchase_date": "2016-02-15", "expiry_date": null, "place": "stock foyer", "quantity_remaining": "75.00", "is_sold": false, "product_base": 13}}, {"model": "shops.container", "pk": 14, "fields": {"price": "10.00", "purchase_date": "2016-02-15", "expiry_date": null, "place": "stock foyer", "quantity_remaining": "75.00", "is_sold": false, "product_base": 14}}, {"model": "shops.container", "pk": 15, "fields": {"price": "1.50", "purchase_date": "2016-02-15", "expiry_date": null, "place": "stock foyer", "quantity_remaining": "75.00", "is_sold": false, "product_base": 15}}, {"model": "shops.container", "pk": 16, "fields": {"price": "20.00", "purchase_date": "2016-02-15", "expiry_date": null, "place": "stock foyer", "quantity_remaining": "75.00", "is_sold": false, "product_base": 16}}, {"model": "shops.container", "pk": 17, "fields": {"price": "0.00", "purchase_date": "2016-02-15", "expiry_date": null, "place": "les nuages", "quantity_remaining": "0.00", "is_sold": false, "product_base": 18}}, {"model": "shops.productunit", "pk": 1, "fields": {"name": "Kronembourg", "description": "Produit unitaire de Kronembourg pour fut", "unit": "CL", "type": "keg"}}, {"model": "shops.productunit", "pk": 2, "fields": {"name": "1664 Blanche", "description": "Produit unitaire de 1664 Blanche pour fut", "unit": "CL", "type": "keg"}}, {"model": "shops.productunit", "pk": 3, "fields": {"name": "Grimbergen r\u00e9serve", "description": "Produit unitaire de Grimbergen r\u00e9serve pour fut", "unit": "CL", "type": "keg"}}, {"model": "shops.productunit", "pk": 4, "fields": {"name": "Apple Frost", "description": "Produit unitaire d'Apple Frost pour fut", "unit": "CL", "type": "keg"}}, {"model": "shops.productunit", "pk": 5, "fields": {"name": "El Grande", "description": "Produit unitaire d'El Grande pour fut", "unit": "CL", "type": "keg"}}, {"model": "shops.productunit", "pk": 6, "fields": {"name": "Grimbergen de No\u00ebl", "description": "Produit unitaire de Grimbergen de No\u00ebl pour fut", "unit": "CL", "type": "keg"}}, {"model": "shops.productunit", "pk": 7, "fields": {"name": "Soda", "description": "Produit unitaire de soda", "unit": "CL", "type": "soft"}}, {"model": "shops.productunit", "pk": 8, "fields": {"name": "Boisson \u00e9nergissante", "description": "Produit unitaire de Boisson \u00e9nergissante", "unit": "CL", "type": "soft"}}, {"model": "shops.productunit", "pk": 9, "fields": {"name": "Jus de fruit", "description": "Produit unitaire de Jus de fruit pour fut", "unit": "CL", "type": "soft"}}, {"model": "shops.productunit", "pk": 10, "fields": {"name": "Sirop", "description": "Produit unitaire de Sirop", "unit": "CL", "type": "syrup"}}, {"model": "shops.productunit", "pk": 11, "fields": {"name": "Picon", "description": "Produit unitaire de Picon", "unit": "CL", "type": "liquor"}}, {"model": "shops.productunit", "pk": 12, "fields": {"name": "Vodka", "description": "Produit unitaire de Vodka", "unit": "CL", "type": "liquor"}}, {"model": "shops.productunit", "pk": 13, "fields": {"name": "Rhum", "description": "Produit unitaire de Rhum", "unit": "CL", "type": "liquor"}}, {"model": "shops.productunit", "pk": 14, "fields": {"name": "Whisky", "description": "Produit unitaire de Whisky", "unit": "CL", "type": "liquor"}}, {"model": "shops.productunit", "pk": 15, "fields": {"name": "J\u00e4germeister", "description": "Produit unitaire de J\u00e4germeister", "unit": "CL", "type": "liquor"}}, {"model": "shops.productunit", "pk": 16, "fields": {"name": "Pastis", "description": "Produit unitaire de Pastis", "unit": "CL", "type": "liquor"}}, {"model": "shops.productunit", "pk": 17, "fields": {"name": "Argent fictif", "description": "Produit unitaire d'argent fictif utilis\u00e9 pour les comptes de foyer", "unit": "CENT", "type": "fictional_money"}}, {"model": "shops.productunit", "pk": 18, "fields": {"name": "Jambon F\u00f4ret Noire", "description": "Produit unitaire Jambon For\u00eat Noire", "unit": "G", "type": "meat"}}, {"model": "shops.productunit", "pk": 19, "fields": {"name": "Coppa", "description": "Produit unitaire Coppa", "unit": "G", "type": "meat"}}, {"model": "shops.productunit", "pk": 20, "fields": {"name": "Rosette Poivre", "description": "Produit unitaire Rosette Poivre", "unit": "G", "type": "meat"}}, {"model": "shops.productunit", "pk": 21, "fields": {"name": "Roti de porc", "description": "Produit unitaire Roti de porc", "unit": "G", "type": "meat"}}, {"model": "shops.productunit", "pk": 22, "fields": {"name": "Chorizo", "description": "Produit unitaire Coppa", "unit": "G", "type": "meat"}}, {"model": "shops.productunit", "pk": 23, "fields": {"name": "Saucisson Marin", "description": "Produit unitaire Saucisson Marin", "unit": "G", "type": "meat"}}, {"model": "shops.productunit", "pk": 24, "fields": {"name": "Rosette", "description": "Produit unitaire Rosette", "unit": "G", "type": "meat"}}, {"model": "shops.productunit", "pk": 25, "fields": {"name": "Mozzarella", "description": "Produit unitaire Mozzarella", "unit": "G", "type": "cheese"}}, {"model": "shops.productunit", "pk": 26, "fields": {"name": "Munster", "description": "Produit unitaire Munster", "unit": "G", "type": "cheese"}}, {"model": "shops.productunit", "pk": 27, "fields": {"name": "Comte", "description": "Produit unitaire Comte", "unit": "G", "type": "cheese"}}, {"model": "shops.productunit", "pk": 28, "fields": {"name": "St Nectaire", "description": "Produit unitaire de St Nectaire", "unit": "G", "type": "cheese"}}, {"model": "shops.productunit", "pk": 29, "fields": {"name": "Tomme de Savoie", "description": "Produit unitaire de Tomme de Savoie", "unit": "G", "type": "cheese"}}, {"model": "shops.productunit", "pk": 30, "fields": {"name": "Roblochon", "description": "Produit unitaire de Roblochon", "unit": "G", "type": "cheese"}}, {"model": "shops.productunit", "pk": 31, "fields": {"name": "Feta", "description": "Produit unitaire de Feta", "unit": "G", "type": "cheese"}}, {"model": "shops.productunit", "pk": 32, "fields": {"name": "Raclette", "description": "Produit unitaire de Raclette", "unit": "G", "type": "cheese"}}, {"model": "shops.productunit", "pk": 33, "fields": {"name": "Roquefort", "description": "Produit unitaire de Roquefort", "unit": "G", "type": "cheese"}}, {"model": "shops.productunit", "pk": 34, "fields": {"name": "Morbier", "description": "Produit unitaire de Morbier", "unit": "G", "type": "cheese"}}, {"model": "shops.productunit", "pk": 35, "fields": {"name": "Brie", "description": "Produit unitaire de Brie", "unit": "G", "type": "cheese"}}, {"model": "shops.productunit", "pk": 36, "fields": {"name": "Mozzarella fum\u00e9e", "description": "Produit unitaire de Mozzarella fum\u00e9e", "unit": "G", "type": "cheese"}}, {"model": "shops.productunit", "pk": 37, "fields": {"name": "Ch\u00e8vre", "description": "Produit unitaire de Ch\u00e8vre", "unit": "G", "type": "cheese"}}, {"model": "shops.productunit", "pk": 38, "fields": {"name": "Tomates", "description": "Produit unitaire de Tomates", "unit": "G", "type": "side"}}, {"model": "shops.productunit", "pk": 39, "fields": {"name": "Poivrons", "description": "Produit unitaire de Poivrons", "unit": "G", "type": "side"}}, {"model": "shops.singleproductfromcontainer", "pk": 1, "fields": {"quantity": 25, "sale_price": "0.66", "container": 2, "sale": 1}}, {"model": "shops.singleproductfromcontainer", "pk": 2, "fields": {"quantity": 25, "sale_price": "0.66", "container": 2, "sale": 4}}, {"model": "shops.singleproductfromcontainer", "pk": 3, "fields": {"quantity": 3000, "sale_price": "30.00", "container": 17, "sale": 5}}, {"model": "shops.singleproductfromcontainer", "pk": 4, "fields": {"quantity": 25, "sale_price": "0.75", "container": 6, "sale": 6}}, {"model": "shops.singleproductfromcontainer", "pk": 5, "fields": {"quantity": 4, "sale_price": "0.53", "container": 11, "sale": 6}}, {"model": "shops.singleproductfromcontainer", "pk": 6, "fields": {"quantity": 25, "sale_price": "0.63", "container": 5, "sale": 7}}, {"model": "shops.singleproductfromcontainer", "pk": 7, "fields": {"quantity": 24, "sale_price": "3.20", "container": 11, "sale": 8}}, {"model": "shops.singleproductfromcontainer", "pk": 8, "fields": {"quantity": 3000, "sale_price": "30.00", "container": 17, "sale": 9}}, {"model": "shops.singleproductfromcontainer", "pk": 9, "fields": {"quantity": 25, "sale_price": "0.79", "container": 2, "sale": 10}}, {"model": "shops.singleproductfromcontainer", "pk": 10, "fields": {"quantity": 25, "sale_price": "0.00", "container": 1, "sale": 11}}, {"model": "shops.singleproductfromcontainer", "pk": 11, "fields": {"quantity": 25, "sale_price": "0.79", "container": 2, "sale": 11}}, {"model": "shops.singleproductfromcontainer", "pk": 12, "fields": {"quantity": 25, "sale_price": "0.00", "container": 1, "sale": 12}}, {"model": "shops.singleproductfromcontainer", "pk": 13, "fields": {"quantity": 25, "sale_price": "0.90", "container": 6, "sale": 13}}, {"model": "shops.singleproductfromcontainer", "pk": 14, "fields": {"quantity": 25, "sale_price": "0.00", "container": 1, "sale": 14}}, {"model": "shops.singleproductfromcontainer", "pk": 15, "fields": {"quantity": 25, "sale_price": "0.79", "container": 2, "sale": 15}}, {"model": "shops.singleproductfromcontainer", "pk": 16, "fields": {"quantity": 75, "sale_price": "0.00", "container": 1, "sale": 16}}, {"model": "shops.singleproductfromcontainer", "pk": 17, "fields": {"quantity": 25, "sale_price": "0.79", "container": 2, "sale": 17}}, {"model": "shops.singleproductfromcontainer", "pk": 18, "fields": {"quantity": 50, "sale_price": "1.58", "container": 2, "sale": 20}}, {"model": "shops.singleproductfromcontainer", "pk": 19, "fields": {"quantity": 25, "sale_price": "0.79", "container": 2, "sale": 21}}, {"model": "shops.singleproductfromcontainer", "pk": 20, "fields": {"quantity": 25, "sale_price": "0.50", "container": 5, "sale": 22}}, {"model": "shops.singleproductfromcontainer", "pk": 21, "fields": {"quantity": 25, "sale_price": "0.79", "container": 2, "sale": 23}}, {"model": "shops.singleproductfromcontainer", "pk": 22, "fields": {"quantity": 25, "sale_price": "0.23", "container": 9, "sale": 24}}, {"model": "shops.singleproductfromcontainer", "pk": 23, "fields": {"quantity": 4, "sale_price": "0.53", "container": 12, "sale": 24}}, {"model": "shops.singleproductfromcontainer", "pk": 24, "fields": {"quantity": 50, "sale_price": "1.58", "container": 2, "sale": 25}}, {"model": "shops.singleproductfromcontainer", "pk": 25, "fields": {"quantity": 25, "sale_price": "0.79", "container": 2, "sale": 26}}, {"model": "shops.singleproductfromcontainer", "pk": 26, "fields": {"quantity": 25, "sale_price": "0.00", "container": 1, "sale": 27}}, {"model": "shops.singleproductfromcontainer", "pk": 27, "fields": {"quantity": 25, "sale_price": "0.50", "container": 5, "sale": 29}}, {"model": "shops.singleproductfromcontainer", "pk": 28, "fields": {"quantity": 25, "sale_price": "0.00", "container": 1, "sale": 31}}, {"model": "shops.singleproductfromcontainer", "pk": 29, "fields": {"quantity": 25, "sale_price": "0.00", "container": 1, "sale": 32}}, {"model": "shops.singleproductfromcontainer", "pk": 30, "fields": {"quantity": 25, "sale_price": "0.00", "container": 1, "sale": 33}}, {"model": "shops.singleproductfromcontainer", "pk": 31, "fields": {"quantity": 25, "sale_price": "0.00", "container": 1, "sale": 34}}, {"model": "shops.singleproductfromcontainer", "pk": 32, "fields": {"quantity": 25, "sale_price": "0.00", "container": 1, "sale": 35}}, {"model": "shops.singleproductfromcontainer", "pk": 33, "fields": {"quantity": 25, "sale_price": "0.00", "container": 1, "sale": 36}}, {"model": "shops.singleproductfromcontainer", "pk": 34, "fields": {"quantity": 25, "sale_price": "0.00", "container": 1, "sale": 37}}, {"model": "shops.singleproductfromcontainer", "pk": 35, "fields": {"quantity": 25, "sale_price": "0.23", "container": 9, "sale": 38}}, {"model": "shops.singleproductfromcontainer", "pk": 36, "fields": {"quantity": 4, "sale_price": "0.53", "container": 12, "sale": 38}}, {"model": "shops.singleproductfromcontainer", "pk": 37, "fields": {"quantity": 50, "sale_price": "1.58", "container": 2, "sale": 39}}, {"model": "shops.singleproductfromcontainer", "pk": 38, "fields": {"quantity": 75, "sale_price": "1.47", "container": 8, "sale": 40}}, {"model": "shops.singleproductfromcontainer", "pk": 39, "fields": {"quantity": 25, "sale_price": "0.79", "container": 2, "sale": 41}}, {"model": "shops.singleproductfromcontainer", "pk": 40, "fields": {"quantity": 25, "sale_price": "0.23", "container": 9, "sale": 42}}, {"model": "shops.singleproductfromcontainer", "pk": 41, "fields": {"quantity": 4, "sale_price": "0.53", "container": 12, "sale": 42}}, {"model": "shops.singleproductfromcontainer", "pk": 42, "fields": {"quantity": 25, "sale_price": "0.23", "container": 9, "sale": 43}}, {"model": "shops.singleproductfromcontainer", "pk": 43, "fields": {"quantity": 4, "sale_price": "0.53", "container": 12, "sale": 43}}, {"model": "shops.singleproductfromcontainer", "pk": 44, "fields": {"quantity": 25, "sale_price": "0.79", "container": 2, "sale": 44}}, {"model": "shops.singleproductfromcontainer", "pk": 45, "fields": {"quantity": 3000, "sale_price": "30.00", "container": 17, "sale": 46}},  {"model": "users.user", "pk": 1, "fields": {"password": "", "last_login": null, "is_superuser": false, "username": "AE_ENSAM", "first_name": "AE", "last_name": "ENSAM", "email": "", "is_staff": false, "is_active": true, "date_joined": "2016-02-15T13:32:56.781Z", "surname": null, "family": null, "balance": "0.00", "year": null, "campus": null, "phone": null, "groups": [9], "user_permissions": []}}, {"model": "users.user", "pk": 2, "fields": {"password": "pbkdf2_sha256$24000$1cxU7ApNy0LU$w/0yjh/85ixricfa9LvMdTY746EyJlJk4NnuRPYGm+M=", "last_login": "2016-03-17T17:00:42.258Z", "is_superuser": true, "username": "admin", "first_name": "", "last_name": "", "email": "", "is_staff": true, "is_active": true, "date_joined": "2016-02-21T18:37:53.605Z", "surname": null, "family": null, "balance": "0.00", "year": null, "campus": null, "phone": null, "groups": [9], "user_permissions": []}}, {"model": "users.user", "pk": 3, "fields": {"password": "pbkdf2_sha256$24000$Gur3GSeyNMCN$fdp3rfPHfzrWPa4H53De8LmQTeooyX68mhmPv3okKeg=", "last_login": "2016-02-21T22:05:16.623Z", "is_superuser": false, "username": "88Me214", "first_name": "J\u00e9r\u00f4me", "last_name": "OBERLE", "email": "", "is_staff": false, "is_active": true, "date_joined": "2016-02-21T18:38:41.797Z", "surname": "Petank", "family": "88", "balance": "-3.20", "year": 2014, "campus": "ME", "phone": null, "groups": [7], "user_permissions": []}}, {"model": "users.user", "pk": 4, "fields": {"password": "pbkdf2_sha256$24000$EXBDzSqiQyyb$4JVBIQE1lIANisShB7oz/vzmwgi46XPd1gMq7qHw83g=", "last_login": "2016-03-17T20:23:35.607Z", "is_superuser": false, "username": "15-115Me214", "first_name": "Nicolas", "last_name": "FAUTH", "email": "", "is_staff": false, "is_active": true, "date_joined": "2016-02-21T18:39:08.347Z", "surname": "Com'in", "family": "15-115", "balance": "-3.04", "year": 2014, "campus": "ME", "phone": null, "groups": [7], "user_permissions": []}}, {"model": "users.user", "pk": 5, "fields": {"password": "pbkdf2_sha256$24000$oW2oEU5MmbiQ$ZLiINV4fgwi+MGBSeF3KmdWQG1oAgY/yJLv0F70FWrM=", "last_login": "2016-02-22T17:58:15.709Z", "is_superuser": false, "username": "18-151-69Me214", "first_name": "Kevin", "last_name": "REGNAULT", "email": "", "is_staff": false, "is_active": true, "date_joined": "2016-02-21T18:40:32.127Z", "surname": "Wanshosha", "family": "18-151-69", "balance": "59.21", "year": 2014, "campus": "ME", "phone": null, "groups": [7], "user_permissions": []}}, {"model": "users.user", "pk": 7, "fields": {"password": "pbkdf2_sha256$24000$uwuWsFDIhKpu$J/4hAXWMEgj4LmFBqFGjR+eoiVGV4U40ltzKv3KJEHY=", "last_login": null, "is_superuser": false, "username": "47-63Me214", "first_name": "Fabien", "last_name": "LEBAILLY", "email": "", "is_staff": false, "is_active": true, "date_joined": "2016-02-21T18:44:51.262Z", "surname": "Mezio", "family": "47-63", "balance": "0.00", "year": 2014, "campus": "ME", "phone": null, "groups": [7], "user_permissions": []}}, {"model": "users.user", "pk": 8, "fields": {"password": "pbkdf2_sha256$24000$D2FzjsVzT8Rh$IMPeZQwwlwgP2i9GzVOOxqgCw8Ko0QtC7qhqzAUfg/U=", "last_login": null, "is_superuser": false, "username": "39-40Me214", "first_name": "Romain", "last_name": "LAURENT", "email": "", "is_staff": false, "is_active": true, "date_joined": "2016-02-21T18:45:36.664Z", "surname": "So\u00fctang", "family": "39-40", "balance": "0.00", "year": 2014, "campus": "ME", "phone": null, "groups": [7], "user_permissions": []}}, {"model": "users.user", "pk": 9, "fields": {"password": "pbkdf2_sha256$24000$xLaqEbeqPPhw$C6V5IeNTVL3gwby4LBCpAf9gRcaqoLsROJJy3PEM5qk=", "last_login": null, "is_superuser": false, "username": "105-64Me214", "first_name": "Lionel", "last_name": "LEBON", "email": "", "is_staff": false, "is_active": true, "date_joined": "2016-02-21T18:46:11.387Z", "surname": "Owi'ss", "family": "105-64", "balance": "0.00", "year": 2014, "campus": "ME", "phone": null, "groups": [7], "user_permissions": []}}, {"model": "users.user", "pk": 10, "fields": {"password": "pbkdf2_sha256$24000$ADzpenlhGMTh$bgZmnvbjla6U+OnJpj6EC6hd3XSMcwWN1oDdFEb+jrc=", "last_login": "2016-03-17T16:49:13.150Z", "is_superuser": false, "username": "101-99Me214", "first_name": "Alexandre", "last_name": "PALO", "email": "", "is_staff": false, "is_active": true, "date_joined": "2016-02-21T18:46:39.827Z", "surname": "Past'ys", "family": "101-99", "balance": "19.48", "year": 2014, "campus": "ME", "phone": null, "groups": [7], "user_permissions": []}}, {"model": "users.user", "pk": 11, "fields": {"password": "pbkdf2_sha256$24000$cuU4pRDetwjT$UYzCGyUX93Gu/CcoPSQFDkM6vXQA0SPmfNkKr8tmxh8=", "last_login": "2016-02-21T21:15:38.405Z", "is_superuser": false, "username": "143Me214", "first_name": "Alexandre", "last_name": "SIDOT", "email": "", "is_staff": false, "is_active": true, "date_joined": "2016-02-21T18:48:05.405Z", "surname": "T\u00e9tano'ss", "family": "143", "balance": "-0.66", "year": 2014, "campus": "ME", "phone": null, "groups": [7], "user_permissions": []}}, {"model": "users.user", "pk": 12, "fields": {"password": "pbkdf2_sha256$24000$lXG0qG5shNLS$yrSjKSzUz+aXg8uQI0cnAIuprvYeTuMblCk58+NAYq0=", "last_login": "2016-03-17T16:53:04.860Z", "is_superuser": false, "username": "142Me214", "first_name": "Guillaume", "last_name": "BROGGI", "email": "", "is_staff": false, "is_active": true, "date_joined": "2016-02-21T18:48:30.479Z", "surname": "Elek", "family": "142", "balance": "0.00", "year": 2014, "campus": "ME", "phone": null, "groups": [7], "user_permissions": []}}, {"model": "users.user", "pk": 13, "fields": {"password": "pbkdf2_sha256$24000$Qi29X78gYWvu$NpZOLX4Wavitx2Qz1bjVS+ZDn1bbRiVZQycFtcqehO8=", "last_login": "2016-03-17T20:54:06.648Z", "is_superuser": false, "username": "91-4040Me215", "first_name": "Adrien", "last_name": "ABRASSART", "email": "", "is_staff": false, "is_active": true, "date_joined": "2016-02-21T18:49:16.082Z", "surname": "a_changer", "family": "91-40\u00b2", "balance": "-5.38", "year": 2015, "campus": "ME", "phone": null, "groups": [7], "user_permissions": []}}, {"model": "users.user", "pk": 14, "fields": {"password": "pbkdf2_sha256$24000$LNCBtCp6sjCT$tcbHtTHQR5YmaAOC9Oh8WASSIxhubczt7WY64BZlBEs=", "last_login": null, "is_superuser": false, "username": "168-52Me215", "first_name": "Cl\u00e9ment", "last_name": "COUPIN", "email": "", "is_staff": false, "is_active": true, "date_joined": "2016-02-21T18:49:58.295Z", "surname": "a_changer", "family": "168-52", "balance": "0.00", "year": 2015, "campus": "ME", "phone": null, "groups": [7], "user_permissions": []}}, {"model": "users.user", "pk": 15, "fields": {"password": "pbkdf2_sha256$24000$iTGy0WrlF9Gy$b93t7DXz4uxb/iGQrkD+fKjo5pGq/Rqw0j0oBl+FS5s=", "last_login": "2016-03-10T23:52:45.560Z", "is_superuser": false, "username": "14-132-179Me215", "first_name": "Alexis", "last_name": "CASSIER", "email": "", "is_staff": false, "is_active": true, "date_joined": "2016-02-21T18:50:39.772Z", "surname": "a_changer", "family": "14-132-179", "balance": "-2.87", "year": 2015, "campus": "ME", "phone": null, "groups": [3, 4, 7], "user_permissions": []}}, {"model": "users.user", "pk": 16, "fields": {"password": "pbkdf2_sha256$24000$MZJiXPqtXuWx$slPXu0M8Po8stw5TXwJdMVPXgVP5zEkJQh5mthMEzkI=", "last_login": "2016-03-19T21:07:24.541Z", "is_superuser": false, "username": "87Me215", "first_name": "Vincent", "last_name": "KEPPENS", "email": "", "is_staff": false, "is_active": true, "date_joined": "2016-02-21T18:51:05.746Z", "surname": "Leyphay's", "family": "87", "balance": "-1.20", "year": 2015, "campus": "ME", "phone": null, "groups": [2, 7], "user_permissions": []}}, {"model": "users.user", "pk": 17, "fields": {"password": "pbkdf2_sha256$24000$Y1RwxFF6NXJ2$T2NHeBNNq86gpP88BBIBOvsy+2zFIOFTdK1AytY0898=", "last_login": "2016-02-21T21:31:19.434Z", "is_superuser": false, "username": "72Me214", "first_name": "Clara", "last_name": "BERTAULT", "email": "", "is_staff": false, "is_active": true, "date_joined": "2016-02-21T21:29:29.462Z", "surname": "N\u00e9hande", "family": "72", "balance": "-0.63", "year": 2014, "campus": "ME", "phone": null, "groups": [7], "user_permissions": []}}, {"model": "users.user", "pk": 18, "fields": {"password": "pbkdf2_sha256$24000$GBTp9N5eOV42$GkEKqcGgsr0wv/J5woV1cQHbkAhC/qOd05I71n1+QQU=", "last_login": "2016-03-05T18:13:41.784Z", "is_superuser": false, "username": "105-64Me213", "first_name": "C\u00e9lestin", "last_name": "BABAR", "email": "", "is_staff": false, "is_active": true, "date_joined": "2016-02-24T22:19:32.651Z", "surname": "Stonfute", "family": "105-64", "balance": "-1.20", "year": 2013, "campus": "ME", "phone": null, "groups": [7], "user_permissions": []}}, {"model": "finances.sale", "pk": 1, "fields": {"amount": "0.66", "date": "2016-02-21T20:46:38.555Z", "done": false, "sender": 10, "recipient": 1, "operator": 10, "payment": 1}}, {"model": "finances.sale", "pk": 2, "fields": {"amount": "1.20", "date": "2016-02-21T21:06:29.010Z", "done": false, "sender": 13, "recipient": 1, "operator": 13, "payment": 2}}, {"model": "finances.sale", "pk": 3, "fields": {"amount": "1.20", "date": "2016-02-21T21:14:25.215Z", "done": false, "sender": 16, "recipient": 1, "operator": 16, "payment": 3}}, {"model": "finances.sale", "pk": 4, "fields": {"amount": "0.66", "date": "2016-02-21T21:15:26.036Z", "done": false, "sender": 11, "recipient": 1, "operator": 11, "payment": 4}}, {"model": "finances.sale", "pk": 5, "fields": {"amount": "30.00", "date": "2016-02-21T21:19:30.109Z", "done": false, "sender": 5, "recipient": 1, "operator": 10, "payment": 5}}, {"model": "finances.sale", "pk": 6, "fields": {"amount": "1.28", "date": "2016-02-21T21:24:34.833Z", "done": false, "sender": 10, "recipient": 1, "operator": 10, "payment": 6}}, {"model": "finances.sale", "pk": 7, "fields": {"amount": "0.63", "date": "2016-02-21T21:32:48.967Z", "done": false, "sender": 17, "recipient": 1, "operator": 17, "payment": 7}}, {"model": "finances.sale", "pk": 8, "fields": {"amount": "3.20", "date": "2016-02-21T22:06:09.507Z", "done": false, "sender": 3, "recipient": 1, "operator": 3, "payment": 8}}, {"model": "finances.sale", "pk": 9, "fields": {"amount": "30.00", "date": "2016-02-22T17:56:46.836Z", "done": false, "sender": 5, "recipient": 1, "operator": 10, "payment": 9}}, {"model": "finances.sale", "pk": 10, "fields": {"amount": "0.79", "date": "2016-02-22T17:58:47.461Z", "done": false, "sender": 5, "recipient": 1, "operator": 5, "payment": 10}}, {"model": "finances.sale", "pk": 11, "fields": {"amount": "0.79", "date": "2016-02-22T19:04:26.174Z", "done": false, "sender": 10, "recipient": 1, "operator": 10, "payment": 11}}, {"model": "finances.sale", "pk": 12, "fields": {"amount": "0.00", "date": "2016-02-22T22:26:31.931Z", "done": false, "sender": 15, "recipient": 1, "operator": 15, "payment": 12}}, {"model": "finances.sale", "pk": 13, "fields": {"amount": "0.90", "date": "2016-02-22T22:43:45.366Z", "done": false, "sender": 13, "recipient": 1, "operator": 13, "payment": 13}}, {"model": "finances.sale", "pk": 14, "fields": {"amount": "0.00", "date": "2016-02-22T22:59:06.964Z", "done": false, "sender": 15, "recipient": 1, "operator": 15, "payment": 14}}, {"model": "finances.sale", "pk": 15, "fields": {"amount": "0.79", "date": "2016-02-22T23:07:55.143Z", "done": false, "sender": 13, "recipient": 1, "operator": 13, "payment": 15}}, {"model": "finances.sale", "pk": 16, "fields": {"amount": "0.00", "date": "2016-02-23T20:41:04.924Z", "done": false, "sender": 15, "recipient": 1, "operator": 15, "payment": 16}}, {"model": "finances.sale", "pk": 17, "fields": {"amount": "0.79", "date": "2016-02-24T21:21:33.865Z", "done": false, "sender": 15, "recipient": 1, "operator": 15, "payment": 17}}, {"model": "finances.sale", "pk": 18, "fields": {"amount": "1.20", "date": "2016-02-25T16:07:07.326Z", "done": false, "sender": 18, "recipient": 1, "operator": 18, "payment": 18}}, {"model": "finances.sale", "pk": 19, "fields": {"amount": "0.00", "date": "2016-02-25T16:07:36.334Z", "done": false, "sender": 18, "recipient": 1, "operator": 18, "payment": 19}}, {"model": "finances.sale", "pk": 20, "fields": {"amount": "1.58", "date": "2016-02-25T19:59:56.433Z", "done": false, "sender": 10, "recipient": 1, "operator": 10, "payment": 20}}, {"model": "finances.sale", "pk": 21, "fields": {"amount": "0.79", "date": "2016-02-25T21:32:20.435Z", "done": false, "sender": 15, "recipient": 1, "operator": 15, "payment": 21}}, {"model": "finances.sale", "pk": 22, "fields": {"amount": "0.50", "date": "2016-02-26T22:18:16.235Z", "done": false, "sender": 13, "recipient": 1, "operator": 13, "payment": 22}}, {"model": "finances.sale", "pk": 23, "fields": {"amount": "0.79", "date": "2016-02-26T23:50:28.419Z", "done": false, "sender": 13, "recipient": 1, "operator": 13, "payment": 23}}, {"model": "finances.sale", "pk": 24, "fields": {"amount": "0.76", "date": "2016-02-27T23:15:22.886Z", "done": false, "sender": 4, "recipient": 1, "operator": 4, "payment": 24}}, {"model": "finances.sale", "pk": 25, "fields": {"amount": "1.58", "date": "2016-02-27T23:16:28.233Z", "done": false, "sender": 10, "recipient": 1, "operator": 10, "payment": 25}}, {"model": "finances.sale", "pk": 26, "fields": {"amount": "0.79", "date": "2016-02-28T00:15:32.249Z", "done": false, "sender": 10, "recipient": 1, "operator": 10, "payment": 26}}, {"model": "finances.sale", "pk": 27, "fields": {"amount": "0.00", "date": "2016-02-28T20:56:07.489Z", "done": false, "sender": 15, "recipient": 1, "operator": 15, "payment": 27}}, {"model": "finances.sale", "pk": 28, "fields": {"amount": "0.00", "date": "2016-02-28T21:57:13.168Z", "done": false, "sender": 15, "recipient": 1, "operator": 15, "payment": 28}}, {"model": "finances.sale", "pk": 29, "fields": {"amount": "0.50", "date": "2016-03-02T20:37:09.228Z", "done": false, "sender": 15, "recipient": 1, "operator": 15, "payment": 29}}, {"model": "finances.sale", "pk": 30, "fields": {"amount": "1.20", "date": "2016-03-02T21:36:15.926Z", "done": false, "sender": 13, "recipient": 1, "operator": 13, "payment": 30}}, {"model": "finances.sale", "pk": 31, "fields": {"amount": "0.00", "date": "2016-03-02T22:43:40.254Z", "done": false, "sender": 13, "recipient": 1, "operator": 13, "payment": 31}}, {"model": "finances.sale", "pk": 32, "fields": {"amount": "0.00", "date": "2016-03-02T23:32:25.138Z", "done": false, "sender": 13, "recipient": 1, "operator": 13, "payment": 32}}, {"model": "finances.sale", "pk": 33, "fields": {"amount": "0.00", "date": "2016-03-03T22:04:36.446Z", "done": false, "sender": 13, "recipient": 1, "operator": 13, "payment": 33}}, {"model": "finances.sale", "pk": 34, "fields": {"amount": "0.00", "date": "2016-03-03T22:43:32.734Z", "done": false, "sender": 13, "recipient": 1, "operator": 13, "payment": 34}}, {"model": "finances.sale", "pk": 35, "fields": {"amount": "0.00", "date": "2016-03-03T23:07:18.341Z", "done": false, "sender": 13, "recipient": 1, "operator": 13, "payment": 35}}, {"model": "finances.sale", "pk": 36, "fields": {"amount": "0.00", "date": "2016-03-03T23:56:36.211Z", "done": false, "sender": 13, "recipient": 1, "operator": 13, "payment": 36}}, {"model": "finances.sale", "pk": 37, "fields": {"amount": "0.00", "date": "2016-03-04T00:20:45.111Z", "done": false, "sender": 13, "recipient": 1, "operator": 13, "payment": 37}}, {"model": "finances.sale", "pk": 38, "fields": {"amount": "0.76", "date": "2016-03-04T23:25:19.213Z", "done": false, "sender": 4, "recipient": 1, "operator": 4, "payment": 38}}, {"model": "finances.sale", "pk": 39, "fields": {"amount": "1.58", "date": "2016-03-07T12:32:14.841Z", "done": false, "sender": 10, "recipient": 1, "operator": 10, "payment": 39}}, {"model": "finances.sale", "pk": 40, "fields": {"amount": "1.47", "date": "2016-03-07T12:32:47.785Z", "done": false, "sender": 10, "recipient": 1, "operator": 10, "payment": 40}}, {"model": "finances.sale", "pk": 41, "fields": {"amount": "0.79", "date": "2016-03-09T20:16:56.687Z", "done": false, "sender": 10, "recipient": 1, "operator": 10, "payment": 41}}, {"model": "finances.sale", "pk": 42, "fields": {"amount": "0.76", "date": "2016-03-09T20:54:49.714Z", "done": false, "sender": 4, "recipient": 1, "operator": 4, "payment": 42}}, {"model": "finances.sale", "pk": 43, "fields": {"amount": "0.76", "date": "2016-03-10T19:24:53.629Z", "done": false, "sender": 4, "recipient": 1, "operator": 4, "payment": 43}}, {"model": "finances.sale", "pk": 44, "fields": {"amount": "0.79", "date": "2016-03-10T23:52:50.172Z", "done": false, "sender": 15, "recipient": 1, "operator": 15, "payment": 44}}, {"model": "finances.sale", "pk": 45, "fields": {"amount": "0.00", "date": "2016-03-13T20:25:51.455Z", "done": false, "sender": 10, "recipient": 1, "operator": 2, "payment": 45}}, {"model": "finances.sale", "pk": 46, "fields": {"amount": "30.00", "date": "2016-03-13T20:28:24.201Z", "done": false, "sender": 10, "recipient": 1, "operator": 2, "payment": 46}}, {"model": "finances.debitbalance", "pk": 1, "fields": {"amount": "0.66", "date": "2016-02-21T20:46:39.149Z", "sender": 10, "recipient": 1}}, {"model": "finances.debitbalance", "pk": 2, "fields": {"amount": "1.20", "date": "2016-02-21T21:06:30.433Z", "sender": 13, "recipient": 1}}, {"model": "finances.debitbalance", "pk": 3, "fields": {"amount": "1.20", "date": "2016-02-21T21:14:25.771Z", "sender": 16, "recipient": 1}}, {"model": "finances.debitbalance", "pk": 4, "fields": {"amount": "0.66", "date": "2016-02-21T21:15:26.680Z", "sender": 11, "recipient": 1}}, {"model": "finances.debitbalance", "pk": 5, "fields": {"amount": "1.28", "date": "2016-02-21T21:24:35.555Z", "sender": 10, "recipient": 1}}, {"model": "finances.debitbalance", "pk": 6, "fields": {"amount": "0.63", "date": "2016-02-21T21:32:49.541Z", "sender": 17, "recipient": 1}}, {"model": "finances.debitbalance", "pk": 7, "fields": {"amount": "3.20", "date": "2016-02-21T22:06:10.264Z", "sender": 3, "recipient": 1}}, {"model": "finances.debitbalance", "pk": 8, "fields": {"amount": "0.79", "date": "2016-02-22T17:58:48.120Z", "sender": 5, "recipient": 1}}, {"model": "finances.debitbalance", "pk": 9, "fields": {"amount": "0.79", "date": "2016-02-22T19:04:26.871Z", "sender": 10, "recipient": 1}}, {"model": "finances.debitbalance", "pk": 10, "fields": {"amount": "0.00", "date": "2016-02-22T22:26:32.521Z", "sender": 15, "recipient": 1}}, {"model": "finances.debitbalance", "pk": 11, "fields": {"amount": "0.90", "date": "2016-02-22T22:43:45.946Z", "sender": 13, "recipient": 1}}, {"model": "finances.debitbalance", "pk": 12, "fields": {"amount": "0.00", "date": "2016-02-22T22:59:07.663Z", "sender": 15, "recipient": 1}}, {"model": "finances.debitbalance", "pk": 13, "fields": {"amount": "0.79", "date": "2016-02-22T23:07:55.781Z", "sender": 13, "recipient": 1}}, {"model": "finances.debitbalance", "pk": 14, "fields": {"amount": "0.00", "date": "2016-02-23T20:41:05.479Z", "sender": 15, "recipient": 1}}, {"model": "finances.debitbalance", "pk": 15, "fields": {"amount": "0.79", "date": "2016-02-24T21:21:34.401Z", "sender": 15, "recipient": 1}}, {"model": "finances.debitbalance", "pk": 16, "fields": {"amount": "1.20", "date": "2016-02-25T16:07:07.914Z", "sender": 18, "recipient": 1}}, {"model": "finances.debitbalance", "pk": 17, "fields": {"amount": "0.00", "date": "2016-02-25T16:07:36.736Z", "sender": 18, "recipient": 1}}, {"model": "finances.debitbalance", "pk": 18, "fields": {"amount": "1.58", "date": "2016-02-25T19:59:58.166Z", "sender": 10, "recipient": 1}}, {"model": "finances.debitbalance", "pk": 19, "fields": {"amount": "0.79", "date": "2016-02-25T21:32:23.469Z", "sender": 15, "recipient": 1}}, {"model": "finances.debitbalance", "pk": 20, "fields": {"amount": "0.50", "date": "2016-02-26T22:18:16.944Z", "sender": 13, "recipient": 1}}, {"model": "finances.debitbalance", "pk": 21, "fields": {"amount": "0.79", "date": "2016-02-26T23:50:29.503Z", "sender": 13, "recipient": 1}}, {"model": "finances.debitbalance", "pk": 22, "fields": {"amount": "0.76", "date": "2016-02-27T23:15:23.581Z", "sender": 4, "recipient": 1}}, {"model": "finances.debitbalance", "pk": 23, "fields": {"amount": "1.58", "date": "2016-02-27T23:16:28.791Z", "sender": 10, "recipient": 1}}, {"model": "finances.debitbalance", "pk": 24, "fields": {"amount": "0.79", "date": "2016-02-28T00:15:32.707Z", "sender": 10, "recipient": 1}}, {"model": "finances.debitbalance", "pk": 25, "fields": {"amount": "0.00", "date": "2016-02-28T20:56:08.368Z", "sender": 15, "recipient": 1}}, {"model": "finances.debitbalance", "pk": 26, "fields": {"amount": "0.00", "date": "2016-02-28T21:57:13.742Z", "sender": 15, "recipient": 1}}, {"model": "finances.debitbalance", "pk": 27, "fields": {"amount": "0.50", "date": "2016-03-02T20:37:10.509Z", "sender": 15, "recipient": 1}}, {"model": "finances.debitbalance", "pk": 28, "fields": {"amount": "1.20", "date": "2016-03-02T21:36:17.016Z", "sender": 13, "recipient": 1}}, {"model": "finances.debitbalance", "pk": 29, "fields": {"amount": "0.00", "date": "2016-03-02T22:43:41.018Z", "sender": 13, "recipient": 1}}, {"model": "finances.debitbalance", "pk": 30, "fields": {"amount": "0.00", "date": "2016-03-02T23:32:26.010Z", "sender": 13, "recipient": 1}}, {"model": "finances.debitbalance", "pk": 31, "fields": {"amount": "0.00", "date": "2016-03-03T22:04:37.157Z", "sender": 13, "recipient": 1}}, {"model": "finances.debitbalance", "pk": 32, "fields": {"amount": "0.00", "date": "2016-03-03T22:43:33.504Z", "sender": 13, "recipient": 1}}, {"model": "finances.debitbalance", "pk": 33, "fields": {"amount": "0.00", "date": "2016-03-03T23:07:19.129Z", "sender": 13, "recipient": 1}}, {"model": "finances.debitbalance", "pk": 34, "fields": {"amount": "0.00", "date": "2016-03-03T23:56:36.738Z", "sender": 13, "recipient": 1}}, {"model": "finances.debitbalance", "pk": 35, "fields": {"amount": "0.00", "date": "2016-03-04T00:20:45.798Z", "sender": 13, "recipient": 1}}, {"model": "finances.debitbalance", "pk": 36, "fields": {"amount": "0.76", "date": "2016-03-04T23:25:19.874Z", "sender": 4, "recipient": 1}}, {"model": "finances.debitbalance", "pk": 37, "fields": {"amount": "1.58", "date": "2016-03-07T12:32:15.461Z", "sender": 10, "recipient": 1}}, {"model": "finances.debitbalance", "pk": 38, "fields": {"amount": "1.47", "date": "2016-03-07T12:32:48.338Z", "sender": 10, "recipient": 1}}, {"model": "finances.debitbalance", "pk": 39, "fields": {"amount": "0.79", "date": "2016-03-09T20:16:57.287Z", "sender": 10, "recipient": 1}}, {"model": "finances.debitbalance", "pk": 40, "fields": {"amount": "0.76", "date": "2016-03-09T20:54:50.476Z", "sender": 4, "recipient": 1}}, {"model": "finances.debitbalance", "pk": 41, "fields": {"amount": "0.76", "date": "2016-03-10T19:24:54.346Z", "sender": 4, "recipient": 1}}, {"model": "finances.debitbalance", "pk": 42, "fields": {"amount": "0.79", "date": "2016-03-10T23:52:50.807Z", "sender": 15, "recipient": 1}}, {"model": "finances.cheque", "pk": 1, "fields": {"amount": "30.00", "is_cashed": false, "signature_date": "2016-02-21", "cheque_number": "1544878", "sender": 5, "recipient": 1, "bank_account": 1}}, {"model": "finances.cheque", "pk": 2, "fields": {"amount": "30.00", "is_cashed": false, "signature_date": "2016-02-22", "cheque_number": "4848848", "sender": 5, "recipient": 1, "bank_account": 1}}, {"model": "finances.bankaccount", "pk": 1, "fields": {"bank": "CIC EST", "account": "944844845444", "owner": 5}}, {"model": "finances.cash", "pk": 1, "fields": {"amount": "30.00", "sender": 10, "recipient": 1}}, {"model": "finances.cash", "pk": 2, "fields": {"amount": "30.00", "sender": 10, "recipient": 1}}]
