[{"model": "finances.sale", "pk": 1, "fields": {"amount": "85.34", "date": "2016-04-20T19:23:16.403Z", "done": false, "is_credit": true, "sender": 1, "recipient": 8, "operator": 22, "payment": 1}}, {"model": "finances.sale", "pk": 2, "fields": {"amount": "47.56", "date": "2016-04-20T19:25:42.813Z", "done": false, "is_credit": true, "sender": 1, "recipient": 5, "operator": 22, "payment": 2}}, {"model": "finances.sale", "pk": 3, "fields": {"amount": "9.99", "date": "2016-04-20T19:27:07.646Z", "done": false, "is_credit": true, "sender": 1, "recipient": 14, "operator": 22, "payment": 3}}, {"model": "finances.sale", "pk": 4, "fields": {"amount": "0.97", "date": "2016-04-20T19:28:09.924Z", "done": false, "is_credit": true, "sender": 1, "recipient": 15, "operator": 22, "payment": 4}}, {"model": "finances.sale", "pk": 5, "fields": {"amount": "13.71", "date": "2016-04-20T19:28:47.390Z", "done": false, "is_credit": true, "sender": 1, "recipient": 3, "operator": 22, "payment": 5}}, {"model": "finances.sale", "pk": 6, "fields": {"amount": "12.53", "date": "2016-04-20T19:30:03.527Z", "done": false, "is_credit": true, "sender": 1, "recipient": 4, "operator": 22, "payment": 6}}, {"model": "finances.sale", "pk": 7, "fields": {"amount": "6.87", "date": "2016-04-20T19:30:48.090Z", "done": false, "is_credit": false, "sender": 7, "recipient": 1, "operator": 22, "payment": 7}}, {"model": "finances.sale", "pk": 8, "fields": {"amount": "19.93", "date": "2016-04-20T19:31:22.203Z", "done": false, "is_credit": true, "sender": 1, "recipient": 9, "operator": 22, "payment": 8}}, {"model": "finances.sale", "pk": 9, "fields": {"amount": "10.19", "date": "2016-04-20T19:32:13.079Z", "done": false, "is_credit": true, "sender": 1, "recipient": 10, "operator": 22, "payment": 9}}, {"model": "finances.sale", "pk": 10, "fields": {"amount": "7.93", "date": "2016-04-20T19:33:07.778Z", "done": false, "is_credit": true, "sender": 1, "recipient": 11, "operator": 22, "payment": 10}}, {"model": "finances.sale", "pk": 11, "fields": {"amount": "5.71", "date": "2016-04-20T19:33:54.311Z", "done": false, "is_credit": true, "sender": 1, "recipient": 12, "operator": 22, "payment": 11}}, {"model": "finances.sale", "pk": 12, "fields": {"amount": "23.24", "date": "2016-04-20T19:35:11.552Z", "done": false, "is_credit": true, "sender": 1, "recipient": 13, "operator": 22, "payment": 12}}, {"model": "finances.sale", "pk": 13, "fields": {"amount": "0.86", "date": "2016-04-20T19:35:50.729Z", "done": false, "is_credit": true, "sender": 1, "recipient": 16, "operator": 22, "payment": 13}}, {"model": "finances.sale", "pk": 14, "fields": {"amount": "23.12", "date": "2016-04-20T19:37:44.859Z", "done": false, "is_credit": true, "sender": 1, "recipient": 18, "operator": 22, "payment": 14}}, {"model": "finances.sale", "pk": 15, "fields": {"amount": "3.90", "date": "2016-04-20T19:38:34.899Z", "done": false, "is_credit": true, "sender": 1, "recipient": 17, "operator": 22, "payment": 15}}, {"model": "finances.sale", "pk": 16, "fields": {"amount": "4.32", "date": "2016-04-20T19:39:36.454Z", "done": false, "is_credit": false, "sender": 19, "recipient": 1, "operator": 22, "payment": 16}}, {"model": "finances.sale", "pk": 17, "fields": {"amount": "5.73", "date": "2016-04-20T19:39:59.767Z", "done": false, "is_credit": false, "sender": 20, "recipient": 1, "operator": 22, "payment": 17}}, {"model": "finances.sale", "pk": 18, "fields": {"amount": "1.77", "date": "2016-04-20T19:40:27.199Z", "done": false, "is_credit": true, "sender": 1, "recipient": 21, "operator": 22, "payment": 18}}, {"model": "finances.sale", "pk": 19, "fields": {"amount": "4.83", "date": "2016-04-20T19:41:50.721Z", "done": false, "is_credit": true, "sender": 1, "recipient": 6, "operator": 22, "payment": 19}}, {"model": "finances.sale", "pk": 20, "fields": {"amount": "20.00", "date": "2016-04-20T19:50:50.075Z", "done": false, "is_credit": true, "sender": 20, "recipient": 1, "operator": 22, "payment": 20}}, {"model": "finances.sale", "pk": 21, "fields": {"amount": "0.75", "date": "2016-04-20T19:52:31.204Z", "done": false, "is_credit": false, "sender": 3, "recipient": 1, "operator": 3, "payment": 21}}, {"model": "finances.sale", "pk": 22, "fields": {"amount": "2.08", "date": "2016-04-20T19:55:13.896Z", "done": false, "is_credit": false, "sender": 20, "recipient": 1, "operator": 20, "payment": 22}}, {"model": "finances.sale", "pk": 23, "fields": {"amount": "1.12", "date": "2016-04-20T20:00:55.785Z", "done": false, "is_credit": false, "sender": 14, "recipient": 1, "operator": 14, "payment": 23}}, {"model": "finances.sale", "pk": 24, "fields": {"amount": "1.18", "date": "2016-04-20T20:07:34.827Z", "done": false, "is_credit": false, "sender": 5, "recipient": 1, "operator": 5, "payment": 24}}, {"model": "finances.sale", "pk": 25, "fields": {"amount": "1.18", "date": "2016-04-20T20:18:45.767Z", "done": false, "is_credit": false, "sender": 4, "recipient": 1, "operator": 4, "payment": 25}}, {"model": "finances.sale", "pk": 26, "fields": {"amount": "1.00", "date": "2016-04-20T20:21:29.768Z", "done": false, "is_credit": false, "sender": 3, "recipient": 12, "operator": 3, "payment": 26}}, {"model": "finances.sale", "pk": 27, "fields": {"amount": "1.60", "date": "2016-04-20T20:29:40.351Z", "done": false, "is_credit": false, "sender": 20, "recipient": 1, "operator": 20, "payment": 27}}, {"model": "finances.sale", "pk": 28, "fields": {"amount": "1.10", "date": "2016-04-20T20:30:10.117Z", "done": false, "is_credit": false, "sender": 3, "recipient": 1, "operator": 3, "payment": 28}}, {"model": "finances.sale", "pk": 29, "fields": {"amount": "1.74", "date": "2016-04-20T20:44:52.019Z", "done": false, "is_credit": false, "sender": 20, "recipient": 1, "operator": 20, "payment": 29}}, {"model": "finances.sale", "pk": 30, "fields": {"amount": "10.00", "date": "2016-04-20T21:00:04.350Z", "done": false, "is_credit": true, "sender": 3, "recipient": 1, "operator": 3, "payment": 31}}, {"model": "finances.sale", "pk": 31, "fields": {"amount": "2.33", "date": "2016-04-20T21:02:35.662Z", "done": false, "is_credit": false, "sender": 20, "recipient": 1, "operator": 20, "payment": 32}}, {"model": "finances.sale", "pk": 32, "fields": {"amount": "5.00", "date": "2016-04-20T21:05:13.828Z", "done": false, "is_credit": true, "sender": 1, "recipient": 15, "operator": 15, "payment": 33}}, {"model": "finances.sale", "pk": 33, "fields": {"amount": "1.60", "date": "2016-04-20T21:46:50.938Z", "done": false, "is_credit": false, "sender": 20, "recipient": 1, "operator": 20, "payment": 34}}, {"model": "finances.sale", "pk": 34, "fields": {"amount": "0.00", "date": "2016-04-21T07:54:48.992Z", "done": false, "is_credit": false, "sender": 13, "recipient": 1, "operator": 13, "payment": 35}}, {"model": "finances.payment", "pk": 1, "fields": {"amount": "85.34", "cheques": [], "cashs": [], "lydias": [], "debit_balance": [1]}}, {"model": "finances.payment", "pk": 2, "fields": {"amount": "47.56", "cheques": [], "cashs": [], "lydias": [], "debit_balance": [2]}}, {"model": "finances.payment", "pk": 3, "fields": {"amount": "9.99", "cheques": [], "cashs": [], "lydias": [], "debit_balance": [3]}}, {"model": "finances.payment", "pk": 4, "fields": {"amount": "0.97", "cheques": [], "cashs": [], "lydias": [], "debit_balance": [4]}}, {"model": "finances.payment", "pk": 5, "fields": {"amount": "13.71", "cheques": [], "cashs": [], "lydias": [], "debit_balance": [5]}}, {"model": "finances.payment", "pk": 6, "fields": {"amount": "12.53", "cheques": [], "cashs": [], "lydias": [], "debit_balance": [6]}}, {"model": "finances.payment", "pk": 7, "fields": {"amount": "6.87", "cheques": [], "cashs": [], "lydias": [], "debit_balance": [7]}}, {"model": "finances.payment", "pk": 8, "fields": {"amount": "19.93", "cheques": [], "cashs": [], "lydias": [], "debit_balance": [8]}}, {"model": "finances.payment", "pk": 9, "fields": {"amount": "10.19", "cheques": [], "cashs": [], "lydias": [], "debit_balance": [9]}}, {"model": "finances.payment", "pk": 10, "fields": {"amount": "7.93", "cheques": [], "cashs": [], "lydias": [], "debit_balance": [10]}}, {"model": "finances.payment", "pk": 11, "fields": {"amount": "5.71", "cheques": [], "cashs": [], "lydias": [], "debit_balance": [11]}}, {"model": "finances.payment", "pk": 12, "fields": {"amount": "23.24", "cheques": [], "cashs": [], "lydias": [], "debit_balance": [12]}}, {"model": "finances.payment", "pk": 13, "fields": {"amount": "0.86", "cheques": [], "cashs": [], "lydias": [], "debit_balance": [13]}}, {"model": "finances.payment", "pk": 14, "fields": {"amount": "23.12", "cheques": [], "cashs": [], "lydias": [], "debit_balance": [14]}}, {"model": "finances.payment", "pk": 15, "fields": {"amount": "3.90", "cheques": [], "cashs": [], "lydias": [], "debit_balance": [15]}}, {"model": "finances.payment", "pk": 16, "fields": {"amount": "4.32", "cheques": [], "cashs": [], "lydias": [], "debit_balance": [16]}}, {"model": "finances.payment", "pk": 17, "fields": {"amount": "5.73", "cheques": [], "cashs": [], "lydias": [], "debit_balance": [17]}}, {"model": "finances.payment", "pk": 18, "fields": {"amount": "1.77", "cheques": [], "cashs": [], "lydias": [], "debit_balance": [18]}}, {"model": "finances.payment", "pk": 19, "fields": {"amount": "4.83", "cheques": [], "cashs": [], "lydias": [], "debit_balance": [19]}}, {"model": "finances.payment", "pk": 20, "fields": {"amount": "20.00", "cheques": [], "cashs": [1], "lydias": [], "debit_balance": []}}, {"model": "finances.payment", "pk": 21, "fields": {"amount": "0.75", "cheques": [], "cashs": [], "lydias": [], "debit_balance": [20]}}, {"model": "finances.payment", "pk": 22, "fields": {"amount": "2.08", "cheques": [], "cashs": [], "lydias": [], "debit_balance": [21]}}, {"model": "finances.payment", "pk": 23, "fields": {"amount": "1.12", "cheques": [], "cashs": [], "lydias": [], "debit_balance": [22]}}, {"model": "finances.payment", "pk": 24, "fields": {"amount": "1.18", "cheques": [], "cashs": [], "lydias": [], "debit_balance": [23]}}, {"model": "finances.payment", "pk": 25, "fields": {"amount": "1.18", "cheques": [], "cashs": [], "lydias": [], "debit_balance": [24]}}, {"model": "finances.payment", "pk": 26, "fields": {"amount": "1.00", "cheques": [], "cashs": [], "lydias": [], "debit_balance": [25]}}, {"model": "finances.payment", "pk": 27, "fields": {"amount": "1.60", "cheques": [], "cashs": [], "lydias": [], "debit_balance": [26]}}, {"model": "finances.payment", "pk": 28, "fields": {"amount": "1.10", "cheques": [], "cashs": [], "lydias": [], "debit_balance": [27]}}, {"model": "finances.payment", "pk": 29, "fields": {"amount": "1.74", "cheques": [], "cashs": [], "lydias": [], "debit_balance": [28]}}, {"model": "finances.payment", "pk": 30, "fields": {"amount": "0.00", "cheques": [], "cashs": [], "lydias": [], "debit_balance": []}}, {"model": "finances.payment", "pk": 31, "fields": {"amount": "10.00", "cheques": [], "cashs": [], "lydias": [1], "debit_balance": []}}, {"model": "finances.payment", "pk": 32, "fields": {"amount": "2.33", "cheques": [], "cashs": [], "lydias": [], "debit_balance": [29]}}, {"model": "finances.payment", "pk": 33, "fields": {"amount": "5.00", "cheques": [], "cashs": [], "lydias": [], "debit_balance": [30]}}, {"model": "finances.payment", "pk": 34, "fields": {"amount": "1.60", "cheques": [], "cashs": [], "lydias": [], "debit_balance": [31]}}, {"model": "finances.payment", "pk": 35, "fields": {"amount": "0.00", "cheques": [], "cashs": [], "lydias": [], "debit_balance": [32]}}, {"model": "finances.debitbalance", "pk": 1, "fields": {"amount": "85.34", "date": "2016-04-20T19:23:16.447Z", "sender": 1, "recipient": 8}}, {"model": "finances.debitbalance", "pk": 2, "fields": {"amount": "47.56", "date": "2016-04-20T19:25:42.824Z", "sender": 1, "recipient": 5}}, {"model": "finances.debitbalance", "pk": 3, "fields": {"amount": "9.99", "date": "2016-04-20T19:27:07.657Z", "sender": 1, "recipient": 14}}, {"model": "finances.debitbalance", "pk": 4, "fields": {"amount": "0.97", "date": "2016-04-20T19:28:09.935Z", "sender": 1, "recipient": 15}}, {"model": "finances.debitbalance", "pk": 5, "fields": {"amount": "13.71", "date": "2016-04-20T19:28:47.401Z", "sender": 1, "recipient": 3}}, {"model": "finances.debitbalance", "pk": 6, "fields": {"amount": "12.53", "date": "2016-04-20T19:30:03.561Z", "sender": 1, "recipient": 4}}, {"model": "finances.debitbalance", "pk": 7, "fields": {"amount": "6.87", "date": "2016-04-20T19:30:48.104Z", "sender": 7, "recipient": 1}}, {"model": "finances.debitbalance", "pk": 8, "fields": {"amount": "19.93", "date": "2016-04-20T19:31:22.214Z", "sender": 1, "recipient": 9}}, {"model": "finances.debitbalance", "pk": 9, "fields": {"amount": "10.19", "date": "2016-04-20T19:32:13.091Z", "sender": 1, "recipient": 10}}, {"model": "finances.debitbalance", "pk": 10, "fields": {"amount": "7.93", "date": "2016-04-20T19:33:07.790Z", "sender": 1, "recipient": 11}}, {"model": "finances.debitbalance", "pk": 11, "fields": {"amount": "5.71", "date": "2016-04-20T19:33:54.323Z", "sender": 1, "recipient": 12}}, {"model": "finances.debitbalance", "pk": 12, "fields": {"amount": "23.24", "date": "2016-04-20T19:35:11.567Z", "sender": 1, "recipient": 13}}, {"model": "finances.debitbalance", "pk": 13, "fields": {"amount": "0.86", "date": "2016-04-20T19:35:50.762Z", "sender": 1, "recipient": 16}}, {"model": "finances.debitbalance", "pk": 14, "fields": {"amount": "23.12", "date": "2016-04-20T19:37:44.870Z", "sender": 1, "recipient": 18}}, {"model": "finances.debitbalance", "pk": 15, "fields": {"amount": "3.90", "date": "2016-04-20T19:38:34.913Z", "sender": 1, "recipient": 17}}, {"model": "finances.debitbalance", "pk": 16, "fields": {"amount": "4.32", "date": "2016-04-20T19:39:36.467Z", "sender": 19, "recipient": 1}}, {"model": "finances.debitbalance", "pk": 17, "fields": {"amount": "5.73", "date": "2016-04-20T19:39:59.778Z", "sender": 20, "recipient": 1}}, {"model": "finances.debitbalance", "pk": 18, "fields": {"amount": "1.77", "date": "2016-04-20T19:40:27.210Z", "sender": 1, "recipient": 21}}, {"model": "finances.debitbalance", "pk": 19, "fields": {"amount": "4.83", "date": "2016-04-20T19:41:50.732Z", "sender": 1, "recipient": 6}}, {"model": "finances.debitbalance", "pk": 20, "fields": {"amount": "0.75", "date": "2016-04-20T19:52:31.268Z", "sender": 3, "recipient": 1}}, {"model": "finances.debitbalance", "pk": 21, "fields": {"amount": "2.08", "date": "2016-04-20T19:55:13.997Z", "sender": 20, "recipient": 1}}, {"model": "finances.debitbalance", "pk": 22, "fields": {"amount": "1.12", "date": "2016-04-20T20:00:55.843Z", "sender": 14, "recipient": 1}}, {"model": "finances.debitbalance", "pk": 23, "fields": {"amount": "1.18", "date": "2016-04-20T20:07:34.886Z", "sender": 5, "recipient": 1}}, {"model": "finances.debitbalance", "pk": 24, "fields": {"amount": "1.18", "date": "2016-04-20T20:18:45.823Z", "sender": 4, "recipient": 1}}, {"model": "finances.debitbalance", "pk": 25, "fields": {"amount": "1.00", "date": "2016-04-20T20:21:29.561Z", "sender": 3, "recipient": 12}}, {"model": "finances.debitbalance", "pk": 26, "fields": {"amount": "1.60", "date": "2016-04-20T20:29:40.437Z", "sender": 20, "recipient": 1}}, {"model": "finances.debitbalance", "pk": 27, "fields": {"amount": "1.10", "date": "2016-04-20T20:30:10.199Z", "sender": 3, "recipient": 1}}, {"model": "finances.debitbalance", "pk": 28, "fields": {"amount": "1.74", "date": "2016-04-20T20:44:52.104Z", "sender": 20, "recipient": 1}}, {"model": "finances.debitbalance", "pk": 29, "fields": {"amount": "2.33", "date": "2016-04-20T21:02:35.763Z", "sender": 20, "recipient": 1}}, {"model": "finances.debitbalance", "pk": 30, "fields": {"amount": "5.00", "date": "2016-04-20T21:05:13.839Z", "sender": 1, "recipient": 15}}, {"model": "finances.debitbalance", "pk": 31, "fields": {"amount": "1.60", "date": "2016-04-20T21:46:51.150Z", "sender": 20, "recipient": 1}}, {"model": "finances.debitbalance", "pk": 32, "fields": {"amount": "0.00", "date": "2016-04-21T07:54:49.045Z", "sender": 13, "recipient": 1}}, {"model": "finances.cash", "pk": 1, "fields": {"amount": "20.00", "sender": 20, "recipient": 1}}, {"model": "finances.lydia", "pk": 1, "fields": {"date_operation": "2016-04-20", "amount": "10.00", "id_from_lydia": "D6EA2908612D6BC9B89014BB4413B95B", "sender": 3, "recipient": 1, "banked": false, "date_banked": null}}]